"","gene_id","gene_name","cor_before","pval_before","cor_after","pval_after","rank_before","rank_after","rank_diff"
"1","ENSMUSG00000026380","Tfcp2l1",0.540089097929937,0.0040093923464093,0.540089097929937,0.00569851760244888,1561,1099,-462
"2","ENSMUSG00000026833","Olfm1",0.593192874455044,4.75771075230715e-205,0.298769984364639,8.21699945230167e-43,1,2,1
"3","ENSMUSG00000059049","Frem1",0.723635590057218,0.000806859900746299,0.723635590057218,0.00122452855525026,1290,850,-440
"4","ENSMUSG00000052861","Dnah6",0.544151438888281,0.00504427874241774,0.544151438888281,0.00707708989838614,1624,1158,-466
"5","ENSMUSG00000070570","Slc17a7",0.508789331648293,7.68120636682541e-110,0.229090022709764,2.73024487585931e-19,24,64,40
"6","ENSMUSG00000051727","Kctd14",0.547245172346166,0.00392859349564603,0.547245172346166,0.00558557574769801,1554,1093,-461
"7","ENSMUSG00000032532","Cck",0.50396680097022,3.18093167200818e-135,0.220896540353766,1.49901012825881e-22,9,45,36
"8","ENSMUSG00000035896","Rnase1",0.584747085242206,0.0030271033278623,0.584747085242206,0.0043223818865586,1505,1054,-451
"9","ENSMUSG00000039956","Mrap",0.643697478991597,0.0007506047647425,0.643697478991597,0.00114824657463585,1285,840,-445
