,names,pvals_adj_cluster,logfoldchanges_cluster,scores_cluster,rank_cluster,pvals_adj_anatomy,logfoldchanges_anatomy,scores_anatomy,rank_anatomy,scores_sum,rank_sum
4,Hes5,6.828719140164935e-36,-2.9503758,-12.825054,25566,1.2383829593024362e-22,-3.2317939,-10.277228,25826,-23.102283,51392
5,Agt,1.38618614317141e-37,-2.4228168,-13.129069,25594,1.1640004249057958e-09,-2.3717868,-6.646722,25417,-19.775791,51011
3,Selplg,9.86054377605349e-15,-2.0025444,-8.094737,24588,1.7845685991899164e-10,-2.2701685,-6.933236,25479,-15.027973,50067
2,Tmem119,6.198630263708834e-11,-2.277908,-6.912367,24142,9.550275970154287e-05,-2.2317824,-4.5623817,24801,-11.474749,48943
1,P2ry12,1.1938559947973586e-08,-2.7978294,-6.0892053,23695,2.1252586147163032e-05,-2.442967,-4.8901596,24928,-10.979364,48623
0,Siglech,0.000675029949243388,-3.8486595,-3.8545663,21828,0.002517863921850228,-3.643103,-3.743229,24358,-7.5977955,46186
