"","gene_id","gene_name","LLR_before","pval_before","rank_llr_before","LLR_after","pval_after","rank_llr_after"
"1","ENSMUSG00000048001","Hes5",145.562603385057,0,528,155.323498155375,0,400
"2","ENSMUSG00000031980","Agt",270.531398029212,0,190,238.61422505257,0,184
"3","ENSMUSG00000048163","Selplg",48.661642556162,3.04156699826308e-12,1767,46.4865585557877,9.22495413391289e-12,1742
"4","ENSMUSG00000054675","Tmem119",38.9500162833297,4.3479664313395e-10,2044,36.0285139876642,1.94451121870998e-09,2052
"5","ENSMUSG00000036353","P2ry12",27.6163285203788,1.47924751447981e-07,2535,26.0058332225926,3.40387336539294e-07,2504
"6","ENSMUSG00000051504","Siglech",25.2630925241733,5.00188810259594e-07,2619,24.8056368531261,6.34117604425555e-07,2544
